{
  "mean": [
    51.01258147818452,
    50.91984150200694,
    49.271913482085964,
    49.287408398906614,
    49.22531768914534,
    1.8722799394909715,
    5.427437259955688,
    0.09548945924061153,
    0.15744037696373844,
    0.15625480121893573,
    24.295963691033013,
    0.0009914753731398397,
    0.0023386108601971857,
    0.015468715538200213,
    0.004395628013182674,
    -0.0003657179642553817,
    26.412821961824523,
    21.334726346885454,
    44.61999187622318,
    2.843099079320741,
    3.4386611760350427,
    1.203545837138584,
    0.010660659208301022,
    68.58622196664524,
    0.08965028170747019,
    0.4899860824736901,
    0.48237281067205784,
    0.009149814364868359,
    0.026034202355341384,
    773164.1373566636,
    0.08250290202503599,
    -0.04963029342712604,
    0.0060892936946567704,
    0.0030994036555149363,
    3.3322255455854653e-09,
    0.06643397290775821,
    801261.1113121425,
    0.11674807576252727,
    0.029750002077102024,
    0.004805670297071746,
    0.006389298827406668,
    0.02902482940751818,
    1.4159373730659872e-09,
    0.11576984984915621,
    0.03202624298881135,
    0.061302757489568316,
    -0.05322642418079097,
    0.023949324506849824,
    0.0037563486787784797,
    0.0268901910485211,
    0.9194082466350949,
    2.304383146855729e-09,
    118628.15990156692,
    0.029940288986928104
  ],
  "scale": [
    19.439018900147882,
    10.677695604827807,
    29.364315900276566,
    27.39326760192487,
    43.34484342728191,
    15.708398336890031,
    27.949784272598237,
    4.139233195499432,
    3.6022374169612443,
    3.3740574677283615,
    35.741260109164806,
    0.03561100357483257,
    0.05506615838360731,
    0.1430153043066579,
    0.07911511554509573,
    0.49254870832909353,
    12.924132036903229,
    8.598165277719678,
    35.8041346235685,
    108.12623958608441,
    111.40593800751972,
    2.2137852321929197,
    0.15607944450018982,
    2114.285836383674,
    0.8165952533707888,
    0.29388414557648057,
    0.2884838797360108,
    0.10764085540329969,
    0.010334216499054355,
    14634613.26213068,
    0.40741520685290755,
    0.019167993478236077,
    0.08566099513091646,
    0.21654546789222276,
    1.7457208968223357e-07,
    0.31798098864957913,
    6148314.1847296795,
    0.1968319492161484,
    0.015414278242214904,
    0.05522665863371601,
    0.026089645124164035,
    0.004673435618344262,
    3.672073512436698e-08,
    0.2393130888968829,
    0.010836216740301047,
    0.011317114395611014,
    0.010757120800718441,
    0.11715953208035723,
    0.08860259564164437,
    0.004840738951862265,
    0.23489141902889427,
    4.429347835930253e-08,
    1327612.110342731,
    0.011614968678447591
  ],
  "feature_cols": [
    "rsi_6",
    "rsi_24",
    "stoch_k",
    "stoch_d",
    "stoch_j",
    "roc_20",
    "roc_60",
    "ao",
    "ppo",
    "ppo_signal",
    "sma_5",
    "sma_dev_5",
    "sma_dev_10",
    "sma_dev_60",
    "ema_dev_26",
    "macd_hist",
    "adx",
    "adx_neg",
    "aroon_down",
    "cci_14",
    "cci_20",
    "atr_5",
    "cmf",
    "vol_roc_20",
    "ret_skew_20",
    "price_pos_20",
    "price_pos_60",
    "track_semiconductor_mom_20d",
    "track_semiconductor_volatility_20d",
    "track_semiconductor_money_flow_5d",
    "track_semiconductor_money_flow_ratio_5d",
    "track_semiconductor_min_ret_20d",
    "track_storage_mom_20d",
    "track_storage_trend_20d",
    "track_storage_amihud_illiq",
    "track_storage_money_flow_ratio_5d",
    "track_storage_money_flow_20d",
    "track_storage_money_flow_ratio_20d",
    "track_storage_max_ret_5d",
    "track_ai_trend_20d",
    "track_ai_trend_60d",
    "track_ai_volatility_20d",
    "track_ai_amihud_illiq",
    "track_ai_money_flow_ratio_5d",
    "track_ai_max_ret_5d",
    "track_ai_max_ret_20d",
    "track_ai_min_ret_20d",
    "track_robot_mom_60d",
    "track_robot_trend_60d",
    "track_robot_volatility_20d",
    "track_robot_volume_ratio_20d",
    "track_robot_amihud_illiq",
    "track_robot_money_flow_20d",
    "track_robot_max_ret_5d"
  ]
}