{
  "mean": [
    50.802346194235646,
    49.25153468379188,
    49.18079495467175,
    2.0801324989431738,
    5.829287104336432,
    0.1221561110630141,
    0.2175942439556836,
    0.2129553340118105,
    21.425199278441294,
    0.005695464431870917,
    0.016764839948076753,
    -0.0013316544296850302,
    26.599643141363256,
    22.793771878190082,
    20.850033928752364,
    44.087677645428805,
    1.048695366936394,
    0.19550331997719947,
    6.9066929479077706,
    1059128.9742607141,
    113.78740681804696,
    0.09854494963230005,
    0.15068438112536237,
    0.035532217839670165,
    0.2549322661064292,
    0.26615020495073344,
    0.4832005266874719,
    0.007236705263147276,
    0.025888601621121728,
    0.005031683543963251,
    0.07254690331918673,
    660137.5035078478,
    0.027997354501382167,
    0.0003522211232100941,
    0.0030065693512284692,
    0.014709938654367405,
    0.0011394271112650574,
    0.0017339777655517512,
    102415.65218962633,
    167775.56595339335,
    0.02944738880011569,
    -0.028394209265541648,
    0.006490939393668323,
    0.0022670168388025363,
    0.9184805689262922,
    2.426201061332652e-09,
    0.10478713977334028,
    265364.7574169455,
    0.12696687129559261,
    0.03158195981382961,
    0.059742228965839646,
    0.0036929997769049186,
    0.019024173790531406,
    0.0016444107514073756,
    514208.06408809643,
    0.026107619704871507,
    0.05349280180244956,
    0.0008138140393863371,
    0.0032759030237891865,
    0.02099466185430552,
    0.0022266496442047063,
    0.027750024339660076,
    2.3045984355768388e-09,
    179102.183959276,
    0.09093013037281156,
    250150.427993342,
    0.13585705026570308,
    0.030724990686167023,
    0.057479330694507044,
    9.254040529724713e-10,
    0.023506689531143855
  ],
  "scale": [
    13.377643120519423,
    29.154547045657175,
    43.08187938821849,
    16.595694268208785,
    29.956331881384827,
    3.620776782304172,
    3.5877764475593756,
    3.3503367965674364,
    30.920472660059794,
    0.08095429669179509,
    0.14098263221936758,
    0.4320830404532219,
    12.698844717401265,
    9.92001795234337,
    8.84032041439187,
    35.77558602500028,
    1.8348843381274313,
    0.13193790462172159,
    5.144843277181138,
    9341560.894859321,
    3879.420770362048,
    0.8488953334231222,
    0.8010586801036219,
    2.9024443483575224,
    0.4368004511596539,
    0.33121865741756157,
    0.2867513067108889,
    0.09261207546368408,
    0.16977935113055692,
    0.24554887423888253,
    0.357348856586872,
    6029762.908443401,
    0.01936433804000457,
    0.00845744853929608,
    0.0707742313311395,
    0.11612748640305501,
    0.09618390351085825,
    0.05861354376882484,
    2085722.523873135,
    1072316.639869965,
    0.011425369541932818,
    0.009865694162007617,
    0.07320806854970244,
    0.03501078729809952,
    0.3218955154064069,
    4.8972554821793855e-08,
    0.26290211584901396,
    2460991.547475793,
    0.1568021183750416,
    0.012030127044561889,
    0.01232348642908957,
    0.054269904760948125,
    0.09465458809225735,
    0.14136219020801274,
    4565733.982640293,
    0.011142198216294525,
    0.012375487535356219,
    0.028457724312554913,
    0.06887554689925461,
    0.14381692174850597,
    0.05364559832857598,
    0.004497745302636988,
    1.2180465250621384e-07,
    3920251.0665642656,
    0.20451341372557572,
    2216060.2088619857,
    0.12230597378832818,
    0.010518300628095929,
    0.011106927767017397,
    4.495239709622814e-08,
    0.010554473108366113
  ],
  "feature_cols": [
    "rsi_14",
    "stoch_k",
    "stoch_j",
    "roc_20",
    "roc_60",
    "ao",
    "ppo",
    "ppo_signal",
    "sma_5",
    "sma_dev_20",
    "sma_dev_60",
    "macd_hist",
    "adx",
    "adx_pos",
    "adx_neg",
    "aroon_down",
    "atr_5",
    "bb_width",
    "ulcer_14",
    "fi_13",
    "vol_roc_20",
    "ret_skew_20",
    "ret_skew_60",
    "sharpe_20",
    "pv_corr_10",
    "pv_corr_20",
    "price_pos_60",
    "track_semiconductor_mom_20d",
    "track_semiconductor_mom_60d",
    "track_semiconductor_trend_20d",
    "track_semiconductor_money_flow_ratio_5d",
    "track_semiconductor_money_flow_20d",
    "track_semiconductor_max_ret_5d",
    "track_semiconductor_avg_ret_5d",
    "track_robot_mom_20d",
    "track_robot_mom_60d",
    "track_robot_trend_20d",
    "track_robot_trend_60d",
    "track_robot_money_flow_5d",
    "track_robot_money_flow_20d",
    "track_robot_max_ret_5d",
    "track_robot_min_ret_5d",
    "track_ai_mom_20d",
    "track_ai_trend_60d",
    "track_ai_volume_ratio_20d",
    "track_ai_amihud_illiq",
    "track_ai_money_flow_ratio_5d",
    "track_ai_money_flow_20d",
    "track_ai_money_flow_ratio_20d",
    "track_ai_max_ret_5d",
    "track_ai_max_ret_20d",
    "track_storage_mom_20d",
    "track_storage_mom_60d",
    "track_storage_trend_20d",
    "track_storage_money_flow_20d",
    "track_storage_max_ret_5d",
    "track_storage_max_ret_20d",
    "track_material_mom_5d",
    "track_material_mom_20d",
    "track_material_mom_60d",
    "track_material_trend_60d",
    "track_material_volatility_20d",
    "track_material_amihud_illiq",
    "track_material_money_flow_5d",
    "track_material_money_flow_ratio_5d",
    "track_material_money_flow_20d",
    "track_material_money_flow_ratio_20d",
    "track_material_max_ret_5d",
    "track_material_max_ret_20d",
    "track_ai-power_amihud_illiq",
    "track_ai-power_max_ret_5d"
  ]
}